<?xml version="1.0" encoding="UTF-8"?>
<beans xmlns="http://www.springframework.org/schema/beans"
	xmlns:xsi="http://www.w3.org/2001/XMLSchema-instance"
	xsi:schemaLocation="http://www.springframework.org/schema/beans http://www.springframework.org/schema/beans/spring-beans.xsd">
	
	<!-- Root Context: defines shared resources visible to all other web components -->

<bean id="dataSource" class="org.springframework.jdbc.datasource.SimpleDriverDataSource">
  <property name="driverClass" value="org.mariadb.jdbc.Driver"></property>
  <property name="url" value="jdbc:mariadb://192.168.0.40:3306/newdatabase"></property>
  <property name="username" value="swtest"></property>
  <property name="password" value="swict123"></property>
</bean>

  <bean id="sqlSessionFactory" class="org.mybatis.spring.SqlSessionFactoryBean">
  <property name="dataSource" ref="dataSource"></property>
  <property value="classpath:mybatis/Alias.xml" name="configLocation"/>
  
  </bean>

  <bean id="sqlSession" class="org.mybatis.spring.SqlSessionTemplate">
  <constructor-arg index="0" ref="sqlSessionFactory">
  </constructor-arg>
</bean>		
		
		
</beans>
