<?xml version="1.0" encoding="UTF-8"?>
<!DOCTYPE mapper PUBLIC "-//mybatis.org//DTD Mapper 3.0//EN"
	"http://mybatis.org/dtd/mybatis-3-mapper.dtd">
	
<mapper namespace="SwMapper">

<insert id="SwInsert" parameterType="sw.Model.SwBean">
	insert into tb_sw
	(swname,swversion,createdby,modifiedby,swtype,bit,maker,used,quantity) 
	values(#{swname},#{swversion},'관리자','관리자',#{swtype},#{bit},#{maker},#{used},#{quantity})
</insert>

<delete id="SwDelete" parameterType="String">
	delete from tb_sw where swnumber=#{swnumber}
</delete>

<select id="GetSwRecord" parameterType="String" resultType="sw.Model.SwBean">
	select * from tb_sw where swnumber=#{swnumber}
</select>

<update id="SwUpdate" parameterType="sw.Model.SwBean">
	update tb_sw set swname=#{swname},swversion=#{swversion},swtype=#{swtype},bit=#{bit},maker=#{maker},used=#{used},quantity=#{quantity}
	 where swnumber=#{swnumber}
</update>


</mapper>